{
	"entity.villager.ambient": {
		"sounds": [
			"vocal_villagers:mob/villager/idle4",
			"vocal_villagers:mob/villager/idle5",
			"vocal_villagers:mob/villager/idle6",
			"vocal_villagers:mob/villager/idle7",
			"vocal_villagers:mob/villager/idle8",
			"vocal_villagers:mob/villager/idle9",
			"vocal_villagers:mob/villager/idle10",
			"vocal_villagers:mob/villager/idle11",
			"vocal_villagers:mob/villager/idle12",
			"vocal_villagers:mob/villager/idle13",
			"vocal_villagers:mob/villager/idle14",
			"vocal_villagers:mob/villager/idle15",
			"vocal_villagers:mob/villager/idle16",
			"vocal_villagers:mob/villager/idle17",
			"vocal_villagers:mob/villager/idle18",
			"vocal_villagers:mob/villager/idle19",
			"vocal_villagers:mob/villager/idle20",
			"vocal_villagers:mob/villager/idle21",
			"vocal_villagers:mob/villager/idle22",
			"vocal_villagers:mob/villager/idle23",
			"vocal_villagers:mob/villager/idle24",
			"vocal_villagers:mob/villager/idle25"
		],
		"subtitle": "subtitles.entity.villager.ambient"
	},
	"entity.villager.celebrate": {
		"replace": "true",
		"sounds": [
			"vocal_villagers:mob/villager/celebrate1",
			"vocal_villagers:mob/villager/celebrate2",
			"vocal_villagers:mob/villager/celebrate3",
			"vocal_villagers:mob/villager/celebrate4",
			"vocal_villagers:mob/villager/celebrate5",
			"vocal_villagers:mob/villager/celebrate6",
			"vocal_villagers:mob/villager/celebrate7"
		],
		"subtitle": "subtitles.entity.villager.celebrate"
	},
	"entity.villager.death": {
		"sounds": [
			"vocal_villagers:mob/villager/death"
		],
		"subtitle": "subtitles.entity.villager.death"
	},
	"entity.villager.no": {
		"sounds": [
			"vocal_villagers:mob/villager/no1",
			"vocal_villagers:mob/villager/no2",
			"vocal_villagers:mob/villager/no3"
		],
		"subtitle": "subtitles.entity.villager.no"
	},
	"entity.villager.trade": {
		"sounds": [
			"vocal_villagers:mob/villager/haggle4",
			"vocal_villagers:mob/villager/haggle5",
			"vocal_villagers:mob/villager/haggle6"
		],
		"subtitle": "subtitles.entity.villager.trade"
	},
	"entity.villager.yes": {
		"sounds": [
			"vocal_villagers:mob/villager/yes4",
			"vocal_villagers:mob/villager/yes5",
			"vocal_villagers:mob/villager/yes6",
			"vocal_villagers:mob/villager/yes7",
			"vocal_villagers:mob/villager/yes8",
			"vocal_villagers:mob/villager/yes9",
			"vocal_villagers:mob/villager/yes10",
			"vocal_villagers:mob/villager/yes11",
			"vocal_villagers:mob/villager/yes12",
			"vocal_villagers:mob/villager/yes13"
		],
		"subtitle": "subtitles.entity.villager.yes"
	}
}